gene,hr,p,fdr
IGFBP3,1.4695173965302515,0.005024442813374885,1.004888562674977
MUC4,1.2936629001155224,0.0053764044201461605,0.537640442014616
CAMK2N1,1.3879408044433128,0.005941698882199869,0.39611325881332465
GPRC5A,1.4177454543814232,0.00767123906425652,0.383561953212826
UCA1,1.302630336418348,0.011945908128705213,0.47783632514820856
CLDN9,1.356229442177875,0.012489054481004083,0.41630181603346944
MAL,1.324694346139917,0.013888824094384291,0.39682354555383687
MALL,1.31273333722402,0.014606415725881202,0.36516039314703
AL161431.1,1.2783236751371945,0.01698778524713976,0.3775063388253279
S100A8,1.1936570376436038,0.017091887894392557,0.34183775788785115
IGF2-1,1.2025060745395806,0.021514143488631152,0.3911662452478391
TSPAN1,1.3564356196997247,0.02579538179527504,0.42992302992125064
CST6,1.2995111468148834,0.026843499909585133,0.4129769216859251
PTN,0.8111675498250243,0.027472873705193274,0.3924696243599039
AGR3,1.3140734588502656,0.02804901383051671,0.3739868510735561
UBB,0.8487899493077865,0.029138449764721616,0.3642306220590202
RIC3,1.3232128602663105,0.034607330022841144,0.40714505909224874
AOC1,1.2869104989216107,0.04134473750613681,0.459385972290409
PPP1R1B,0.793973409863121,0.05062885481301423,0.5329353138212024
S100A9,1.1507567853553893,0.05408361171382685,0.5408361171382685
LHX1-DT,1.2287231718848286,0.05426555543181926,0.5168148136363738
SCEL,1.2468982791639815,0.05900085980161635,0.5363714527419668
A2M,0.797288339881954,0.06023883152860719,0.5238159263357147
SCGB1D1,0.7520668608542168,0.06503277450200431,0.5419397875167026
PXDN,1.3256346312509506,0.06677779349266627,0.5342223479413302
AGR2,1.256062521540874,0.06728563430357792,0.5175818023352148
SKAP2,1.281504166309083,0.06865185666256511,0.5085322715745564
IGFL2-AS1,1.2139796399376168,0.07241384334225379,0.5172417381589557
LHX1,1.138977521477959,0.07735131237199797,0.5334573267034343
LIX1,1.2135115090050959,0.0789697245166278,0.526464830110852
LYPD2,1.1562058732567797,0.08075138414135029,0.5209766718796793
TUBB2B,1.2067718846484181,0.08935838237453098,0.5584898898408186
GPX3,1.228843402699206,0.09926092428266337,0.6015813592888689
HOXA10,1.192319123980413,0.10240358648593387,0.6023740381525522
SST,0.8887190169653362,0.10622966083871883,0.6070266333641077
RARRES1,1.121249087931008,0.11139699829987346,0.6188722127770747
GTSF1,1.1820598155095132,0.11879472898580505,0.6421336701935408
KIAA1324,0.7987588332112778,0.12469470068635705,0.6562878983492476
XAGE2,1.1835086846240734,0.12487293075433813,0.6403740038684007
THSD4,0.8390296331657008,0.12660652499224048,0.6330326249612024
SULF1,0.8237976566372373,0.13151545287041858,0.6415387944898467
SCGB2A1,0.8200843897643719,0.1325543032809989,0.6312109680047567
CFTR,1.193402962033223,0.13386671888497415,0.6226359017905774
RHOBTB3,1.2070479405147898,0.1416637557525667,0.6439261625116669
HOXA10-AS,1.1502544507878822,0.14836281594421843,0.6593902930854152
HOXD-AS2,0.842797034994275,0.14955358259091509,0.6502329677865873
AL589182.1,0.8476817634969425,0.15037657253830025,0.639900308673618
LMO3,1.1514496826444747,0.15349725961192737,0.6395719150496973
C15orf48,1.1699349235437189,0.15671496095360296,0.6396529018514406
IGF2BP3,1.1678281276209925,0.1591641820903435,0.636656728361374
FXYD1,1.1847913422198297,0.16019446029905798,0.6282135698002274
CRABP1,0.8935858186204603,0.16361084432024242,0.6292724781547785
UPK2,1.1328627244818905,0.16491168989691374,0.6223082637619386
KLK11,0.851712374000184,0.1688493451094516,0.6253679448498208
KCNMA1,0.8515343271386704,0.17275335911999715,0.628194033163626
COMP,1.1547600766676767,0.17341222273068874,0.6193293668953169
TMEM176B,1.1756825714584225,0.1766084901654501,0.6196789128612284
TMEM176A,1.1841966977076614,0.1800264378168278,0.6207808200580269
FRZB,0.8594456396916925,0.18700445330929355,0.6339134010484527
HOTAIRM1,1.1292981098883617,0.19561142835923787,0.6520380945307929
HOXD8,0.8564685736280568,0.19656801401352772,0.6444852918476319
CHL1,0.8614275274547069,0.20391825351222437,0.6578008177813689
APOE,1.145305108657331,0.20569723053934447,0.653007081077284
RAB25,1.197164628171185,0.21215827090436495,0.6629945965761405
PCP4,0.9035672567664406,0.21256695561372543,0.6540521711191551
CLDN6,1.1219279829040487,0.21763183497219732,0.6594904090066586
VIM,1.1649462544717035,0.22131043588602728,0.6606281668239621
HPGD,0.8662223913694951,0.2218651091851997,0.652544438779999
APOA1,0.8755048353010142,0.22501191228980616,0.652208441419728
TFF3,0.8659905709671537,0.22566087772521418,0.6447453649291833
VAV3,1.1515407815976118,0.22651128011696503,0.6380599439914508
CXCL10,0.8779668016786265,0.2293615468074733,0.637115407798537
AC004540.2,1.1569332221017445,0.2294354203595543,0.6285901927659022
KRT5,1.1349156850769273,0.23322072528112095,0.6303262845435701
MT1H,0.9055765825676015,0.23798202367872356,0.6346187298099295
MMP7,1.131522864775765,0.24204163437062237,0.6369516693963747
MT1E,0.9104715873838345,0.24966716654259916,0.6484861468638939
IFI27,0.8746440735970225,0.2504766513616774,0.642247824004301
DSCR8,1.13856345425846,0.25363303790345876,0.642108956717617
PCSK1N,1.1198183390173972,0.26222061685869,0.6555515421467251
SAA1,1.1311844810758707,0.2629597678282419,0.6492833773536837
LY6K,1.1059897929185103,0.2775902979663726,0.6770495072350551
HAGLR,0.8860447876884711,0.2776280007983981,0.6689831344539713
MXRA8,1.1167881974220273,0.27859146875208635,0.6633130208383008
MT1M,0.9067943418754291,0.28552409565685766,0.6718214015455474
MFAP2,1.1169339837925334,0.28680469699679717,0.666987667434412
SCGB1A1,0.8605776551418078,0.2946287507117485,0.6773074729005713
HOXA-AS2,1.1286969319168656,0.3090034640269938,0.7022806000613495
OBP2A,0.8982310400006329,0.31642100720483823,0.7110584431569399
DAPL1,0.8866358030095651,0.3169065055702848,0.7042366790450774
HOXD1,0.9049388854062431,0.3249368429256161,0.7141469075288266
HSPA1A,0.9171272470950171,0.3258544909706308,0.7083793281970234
PAEP,0.9010468264482687,0.3283426151859715,0.7061131509375732
DNAJC15,1.135656816350063,0.33051063265946945,0.7032141120414244
MT1G,0.9258515714814698,0.34063460322861555,0.7171254804812959
LRRTM1,1.1291444406192528,0.3504936261712528,0.7301950545234434
SELENOM,1.119089181349713,0.3529020899141374,0.7276331750806957
KLK5,0.9085537197840474,0.3554404380032058,0.7253886489861343
LTB,1.119468282067026,0.37484417775181633,0.7572609651551845
HLA-DRB5,0.9323859760216378,0.37991267014172536,0.7598253402834507
LAMA3,1.1143154221551508,0.3879197721133596,0.7681579645809101
BCAT1,0.9096177123582733,0.39093986843132855,0.7665487616300559
RNASE1,0.9217819886192786,0.3962983612043368,0.7695113809792947
XIST,0.9447768404476123,0.4026651335796273,0.7743560261146679
EMX2OS,1.1221857597899703,0.4050811405355381,0.7715831248295965
RSPO3,0.9024700867968164,0.406776770356684,0.7675033402956303
IL32,1.108341264907681,0.4159525687369058,0.7774814368914127
TMEM190,1.0910978299014877,0.4160578588480681,0.7704775163853114
PCK1,0.9087416815778665,0.42268723795806895,0.7755729136845301
NNMT,0.9249920147443259,0.4356144819510168,0.7920263308200306
UCHL1,0.912587677123252,0.4378689142632941,0.788952998672602
HLA-DQA1,0.925775111803537,0.4423500862621351,0.7899108683252413
RAMP1,1.097385330359788,0.45172427357178613,0.7995119886226303
KRT14,0.9209711314240899,0.4558815681655284,0.7997922248518042
RNF212,0.9268832375918864,0.4597601340896491,0.7995828418950419
HP,0.9321227928846921,0.4602496407110145,0.7935338632948526
MGP,0.9162207283754792,0.469014304280885,0.8017338534715982
SERPINA5,1.0706556226616601,0.4730822869942063,0.8018343847359429
SCGB3A1,0.9141454807665095,0.4751293601143337,0.7985367396879558
C20orf204,0.9219505877195024,0.48997297082296587,0.8166216180382764
DPEP3,0.9289239622751466,0.49958292815768124,0.8257569060457541
CDH2,0.925930831178187,0.5089984079801811,0.8344236196396412
NTS,0.9451573876682365,0.5196611524547263,0.8449774836662217
BIRC3,1.0790946280803688,0.5276095455573493,0.8509831379957247
CLU,1.0664683662481904,0.5281428256960647,0.8450285211137036
PNOC,0.9324046588995326,0.5336546852126639,0.8470709289089904
CDKN2A,0.9481827285912634,0.5426736465494411,0.8546041677943953
PGR,0.92587661503719,0.5467587274115695,0.8543105115805774
PEG10,0.9290314685240989,0.5501037891850498,0.852874091759767
FN1,1.0786847842021015,0.5531500048400476,0.8510000074462272
ZNF208,0.9366072677509616,0.5735043860374193,0.8755792153243043
TFPI2,1.0736013623112202,0.5751010213031316,0.8713651837926236
IGFBP2,1.0662164203429279,0.5759955766810553,0.8661587619263988
CLDN16,0.9483375833952363,0.5788424487414138,0.8639439533453938
FLG,1.0670812971114452,0.5817123449425495,0.8617960665815548
KRT6A,1.066410026560823,0.5857022858768316,0.8613268909953407
SERPINE2,0.9387895889204964,0.5860835846837215,0.8555964739908343
KRT81,1.060032650304861,0.5922558905676953,0.8583418703879643
CYYR1,1.0579830529570053,0.6055594502355741,0.8713085614900348
CD74,0.9415724183707802,0.610206075619294,0.8717229651704199
HLA-DPA1,0.9609202361428362,0.6168666297926757,0.8749881273654974
IRX3,0.9517276672147434,0.6293526257969349,0.8864121490097674
PTGDS,1.0445464908718578,0.6402773916357044,0.8954928554345517
FST,0.945964494562676,0.6467533069300446,0.8982684818472843
C2orf40,1.0499084608104978,0.6512422634811206,0.8982651910084423
LYPLAL1,0.9558216001141802,0.666183273929609,0.9125798273008342
TSPAN7,0.9520564749505305,0.6699366320650788,0.9114784109728963
CRTAC1,0.9499996904796887,0.6879605857825271,0.9296764672736852
CRNDE,0.9527873458800357,0.689243696887691,0.9251593246814644
BEX1,1.0434497674022631,0.6901958818816768,0.9202611758422357
KIF1A,1.0491149181107318,0.6932729832329612,0.9182423618979618
BASP1,1.0410197922207407,0.6959620046913023,0.9157394798569768
DEFB1,0.9677958748255255,0.7024701530597062,0.918261637986544
SPP1,0.9554545128832367,0.717185367225557,0.9314095678253986
HLA-DRB1,0.9708180511783655,0.7212965588159955,0.9307052371819297
HLA-DRA,0.971232203908283,0.7349108903026125,0.9421934491059135
EMX2,1.039548315285846,0.7384254685231157,0.9406693866536506
PAGE2B,0.9588757708151536,0.7402068362681888,0.9369706788204921
HLA-DPB1,0.9713378242986124,0.7470062488603169,0.9396305017110904
PAX2,1.0302627163888807,0.7542992292213613,0.9428740365267017
HLA-DQB1,0.9704373818104578,0.7557731772260514,0.9388486673615546
CLDN10,0.9714637304223182,0.7602653348787782,0.9385991788626892
PART1,0.963828895028144,0.7781703078982504,0.9548101937401845
C1orf194,0.9650626616682236,0.7793304611963762,0.9504030014589954
SOX11,1.027640333994776,0.7795327352797162,0.9448881639754135
NLRP2,0.9714954780211253,0.79228944267167,0.9545655935803252
SLC7A2,0.9686633313981207,0.7931598468214578,0.9498920321215064
SNRPN,1.030057325062858,0.7938091062922753,0.9450108408241372
SFRP1,1.0249383395645102,0.7959620576347006,0.9419669321120718
IGFBP5,1.028821792419748,0.7993371295838736,0.9403966230398513
TMEM100,0.971383535339578,0.7998435315568295,0.9354895105927831
NPY,0.9736229218742106,0.811869667631562,0.9440344972460022
TTYH1,0.9728684156148817,0.818214833578821,0.9459131024032613
IFITM1,0.9732126733063349,0.829756005964042,0.9537425355908528
SAMD11,1.0260077948683783,0.8299897064101447,0.9485596644687367
FOLR3,0.9762689022675236,0.8319476199422127,0.9453950226616054
SERPINA1,1.0259867961735276,0.8330062578885973,0.9412500089136693
LGR5,0.980849778730399,0.8368382103249743,0.940267652050533
ADIRF,1.02294241087747,0.843235652956599,0.9421627407336303
CFH,1.023093407787852,0.8512656574909141,0.9458507305454601
FABP6,0.9763829492225279,0.8518135113502064,0.9412303992819961
CXCL17,0.9841228061322291,0.8784770507698941,0.9653593964504331
MAGEA4,1.0146707813932845,0.8919324190660949,0.9747895290339834
LINC01133,0.9856182309849985,0.8969245962740029,0.974918039428264
WDR72,1.0145377338588044,0.8998974696315705,0.9728621293314276
BMP7,1.0145329904700018,0.899949497752678,0.9676876319921268
NUPR1,0.9842904624339317,0.9026133134527403,0.9653618325697757
C20orf85,1.011965450012671,0.9052354273665056,0.9630164120920274
PAGE2,1.0112130093394518,0.9114420923007535,0.9644889865616438
CALML5,0.989739468094069,0.9287908947678863,0.9776746260714593
NDUFA4L2,0.9912042629134952,0.941511357042571,0.9858757665367236
COL9A1,0.9919023235986003,0.9425171686807873,0.9817887173758201
LEMD1,0.9919051190343293,0.9446636452471495,0.9789260572509321
THY1,0.9930992763997477,0.9490888290534563,0.9784420918076868
HLA-F,1.007550103101278,0.9493468134396548,0.973689039425287
IDO1,1.007274291153673,0.9505402026880125,0.9699389823347067
LTF,0.9930338575800237,0.9526364017529484,0.9671435550791354
MTRNR2L1,0.9961413997102622,0.962813151955661,0.9725385373289505
LINC01436,0.9956304140101054,0.9720632041464682,0.9769479438657972
IGFBP7,0.9958980096985143,0.9727466054616167,0.9727466054616167
