patient_id,immune_score,msi_status,os_days,os_event,msi_mantis,msi_high,mutation_count
TCGA-3L-AA1B,-0.0805,,475.3591741768,0,0.3057,0,120.0
TCGA-4N-A93T,-1.2933,,146.11039879512,0,0.3317,0,85.0
TCGA-4T-AA8H,-1.4427,,385.2911202376,0,0.3144,0,120.0
TCGA-5M-AAT4,-1.2504,,49.03705165,1,0.3232,0,176.0
TCGA-5M-AAT5,-1.2577,,,,0.3131,0,79.0
TCGA-5M-AAT6,2.3931,,290.21928528048,1,0.66,1,1860.0
TCGA-5M-AATA,-0.5275,,,,0.3123,0,71.0
TCGA-5M-AATE,-1.3368,,1200.907387378,0,0.3252,0,113.0
TCGA-A6-2671,-0.4531,,1332.0064439108,1,0.35,0,64.0
TCGA-A6-2672,3.4358,,1420.072985662,0,0.9618,1,
TCGA-A6-2674,0.5596,,1332.0064439108,0,0.4577,1,127.0
TCGA-A6-2675,0.9654,,1321.9988823620001,0,0.363,0,88.0
TCGA-A6-2676,1.5127,,1305.9867836404,1,,,
TCGA-A6-2677,-1.4774,,740.5595555244,1,0.319,0,116.0
TCGA-A6-2678,-0.541,,1286.9724166368,0,0.36,0,26.0
TCGA-A6-2679,0.3329,,1367.0329093316,0,0.3403,0,
TCGA-A6-2680,-0.3757,,1068.8075747512,0,0.3468,0,
TCGA-A6-2681,0.1973,,1388.0487885232,0,0.3456,0,130.0
TCGA-A6-2682,-0.6501,,424.3206103388,1,0.3444,0,
TCGA-A6-2683,-1.1189,,504.3811027292,1,0.3644,0,33.0
TCGA-A6-2684,0.5162,,1127.85218795,0,0.4665,1,99.0
TCGA-A6-2685,0.366,,1133.8567248184,0,0.3571,0,46.0
TCGA-A6-2686,5.4118,,1126.851431856,1,1.2375,1,2139.0
TCGA-A6-3807,-0.2738,,1054.796988522,0,0.4215,1,90.0
TCGA-A6-3808,0.1728,,1014.7667423268,0,0.406,1,142.0
TCGA-A6-3809,1.4556,,996.7531314171999,0,0.9595,1,1165.0
TCGA-A6-3810,-0.2094,,1111.8400895328002,0,0.3137,0,166.0
TCGA-A6-4105,2.0202,,442.33422094400004,1,0.3528,0,145.0
TCGA-A6-4107,-0.1263,,987.7463259624,0,0.3809,0,169.0
TCGA-A6-5656,-1.1402,,1001.7569121916001,0,0.3197,0,107.0
TCGA-A6-5657,0.4404,,962.7274220904,0,0.3201,0,101.0
TCGA-A6-5659,-1.2574,,926.7002005756001,0,0.4614,1,201.0
TCGA-A6-5660,-0.9087,,888.6714665684,0,0.3322,0,117.0
TCGA-A6-5661,-0.4641,,1020.7712791952,0,,,1269.0
TCGA-A6-5662,-1.106,,718.5429202388,0,,,64.0
TCGA-A6-5664,0.2909,,672.5081368708,0,0.4019,1,60.0
TCGA-A6-5665,0.2324,,671.5073807768,0,1.1824,1,1859.0
TCGA-A6-5666,-1.5656,,995.7523753232001,0,0.3139,0,91.0
TCGA-A6-5667,-0.8231,,887.6707104744,0,0.3604,0,58.0
TCGA-A6-6137,0.4676,,824.6230725952,0,0.3386,0,115.0
TCGA-A6-6138,3.4772,,685.517967006,0,0.3495,0,100.0
TCGA-A6-6140,-0.7942,,734.5550186560001,0,0.3659,0,
TCGA-A6-6141,2.0355,,255.1928197988,0,0.3495,0,
TCGA-A6-6142,-0.0371,,763.5769472084,0,0.3596,0,79.0
TCGA-A6-6648,-1.0313,,766.5792154904,0,0.3926,0,88.0
TCGA-A6-6649,0.074,,735.5557747500001,0,0.4012,1,119.0
TCGA-A6-6650,-1.2264,,627.4741099012001,0,0.466,1,0.0
TCGA-A6-6651,2.4511,,662.500575322,0,0.3785,0,84.0
TCGA-A6-6652,-1.3504,,751.5678731672,0,0.3866,0,76.0
TCGA-A6-6653,-0.5185,,742.5610677124,0,1.0708,1,1067.0
TCGA-A6-6654,3.3762,,726.5489692952,0,0.3351,0,170.0
TCGA-A6-6780,3.3872,,612.462767578,0,1.1071,1,1179.0
TCGA-A6-6781,1.5654,,598.4521813488,0,0.771,1,1916.0
TCGA-A6-6782,0.0499,,617.4665483524,0,0.3922,0,126.0
TCGA-A6-A565,2.3585,,494.3735411804,1,0.3972,0,364.0
TCGA-A6-A566,2.3105,,758.573166434,1,0.2956,0,151.0
TCGA-A6-A567,-1.3537,,1882.4223297036,1,0.2929,0,52.0
TCGA-A6-A56B,-1.4691,,1712.2937830696,1,0.3073,0,84.0
TCGA-A6-A5ZU,1.8178,,293.22155374512,0,,,
TCGA-AA-3488,-0.8911,,153.11569187928,1,0.3711,0,
TCGA-AA-3489,1.9715,,214.16181741828,1,0.3996,0,111.0
TCGA-AA-3492,0.2694,,92.06956637072,1,1.2602,1,2009.0
TCGA-AA-3494,-0.8805,,31.023440831720002,0,0.3581,0,
TCGA-AA-3495,0.2462,,1127.85218795,0,0.3588,0,
TCGA-AA-3496,1.6677,,31.023440831720002,0,0.4517,1,146.0
TCGA-AA-3502,-0.269,,1065.8053061648,0,0.3387,0,168.0
TCGA-AA-3506,0.2296,,1766.3346154940002,0,0.3453,0,138.0
TCGA-AA-3510,-0.2259,,1947.4714797708,0,0.341,0,3070.0
TCGA-AA-3511,-0.732,,212.16030510852002,0,0.391,0,122.0
TCGA-AA-3514,0.2697,,31.023440831720002,0,0.3123,0,31.0
TCGA-AA-3517,-0.3248,,1186.8968011488,0,0.3204,0,11.0
TCGA-AA-3518,0.4317,,31.023440831720002,0,,,
TCGA-AA-3519,-1.0132,,276.20869908172,0,0.3647,0,21.0
TCGA-AA-3520,-0.7035,,731.5527500696,0,0.3835,0,20.0
TCGA-AA-3521,-0.5426,,,0,0.3496,0,17.0
TCGA-AA-3522,-0.5447,,1127.85218795,0,0.3234,0,16.0
TCGA-AA-3524,-0.9736,,1096.8287472096001,0,0.3154,0,18.0
TCGA-AA-3525,-0.5706,,245.18525825000003,0,,,
TCGA-AA-3526,0.5938,,580.4385704392,0,0.3851,0,25.0
TCGA-AA-3527,1.1974,,0.0,0,0.3161,0,22.0
TCGA-AA-3529,-1.221,,0.0,1,0.4301,1,10.0
TCGA-AA-3530,-1.0082,,580.4385704392,0,0.3164,0,86.0
TCGA-AA-3531,-0.8714,,1035.7826215184,0,0.3268,0,18.0
TCGA-AA-3532,0.8174,,882.6669297,0,0.3244,0,21.0
TCGA-AA-3534,-0.8005,,882.6669297,0,0.3252,0,20.0
TCGA-AA-3538,-0.9222,,791.5981193624,0,0.3368,0,15.0
TCGA-AA-3542,-1.0855,,395.29868178640004,0,,,
TCGA-AA-3543,3.2448,,30.02268467684,0,,,
TCGA-AA-3544,1.771,,426.3221225268,0,0.3291,0,19.0
TCGA-AA-3548,0.3271,,1034.7818654244002,0,0.3218,0,18.0
TCGA-AA-3549,-0.0661,,639.483183638,0,0.2966,0,18.0
TCGA-AA-3552,0.2935,,396.29943788040003,1,,,
TCGA-AA-3553,0.3147,,730.5519939756,0,,,
TCGA-AA-3555,-1.2276,,911.6888582524001,0,,,
TCGA-AA-3560,0.0901,,608.4597428976,0,0.3648,0,19.0
TCGA-AA-3561,-1.2408,,424.3206103388,0,0.3413,0,17.0
TCGA-AA-3655,-0.5002,,1857.4034258316,0,0.3473,0,75.0
TCGA-AA-3660,-0.6595,,2376.795870884,0,0.3366,0,130.0
TCGA-AA-3663,-0.6787,,212.16030510852002,0,1.2565,1,1937.0
TCGA-AA-3664,-0.7112,,1644.242364416,0,0.2631,0,145.0
TCGA-AA-3666,-0.5291,,61.04612550856,1,0.2807,0,170.0
TCGA-AA-3667,-0.7389,,426.3221225268,0,0.2649,0,71.0
TCGA-AA-3673,-0.4788,,1523.1508697364,0,0.284,0,71.0
TCGA-AA-3675,-1.0474,,1432.0820593988,0,0.2618,0,77.0
TCGA-AA-3678,-0.4799,,1431.0813033048,0,0.2741,0,66.0
TCGA-AA-3679,-0.2851,,457.3455632672,0,0.2575,0,59.0
TCGA-AA-3680,-0.4834,,335.2533121892,1,0.2615,0,104.0
TCGA-AA-3681,-0.1646,,182.13762040124,0,0.263,0,100.0
TCGA-AA-3684,2.3379,,0.0,0,0.2513,0,128.0
TCGA-AA-3685,1.3186,,1127.85218795,0,0.2703,0,83.0
TCGA-AA-3688,-1.0393,,578.4370582511999,0,0.3017,0,64.0
TCGA-AA-3692,-0.2933,,1095.8279908112,1,0.2721,0,67.0
TCGA-AA-3693,-1.4042,,0.0,0,0.2829,0,133.0
TCGA-AA-3695,2.0974,,0.0,0,0.2817,0,148.0
TCGA-AA-3696,-1.4334,,153.11569187928,1,0.2665,0,81.0
TCGA-AA-3710,4.4527,,821.6208043132,0,0.8652,1,
TCGA-AA-3712,-0.5462,,0.0,0,0.3407,0,115.0
TCGA-AA-3713,0.9244,,579.4378143452001,0,0.8168,1,1018.0
TCGA-AA-3715,3.9206,,579.4378143452001,1,1.092,1,2119.0
TCGA-AA-3811,-0.1616,,306.23138363680005,1,1.1337,1,1916.0
TCGA-AA-3812,0.5935,,1066.8060625632002,0,0.2659,0,107.0
TCGA-AA-3814,0.0926,,0.0,0,0.2754,0,91.0
TCGA-AA-3818,-0.5481,,30.02268467684,1,0.268,0,138.0
TCGA-AA-3819,-1.1083,,761.5754347160001,0,0.261,0,177.0
TCGA-AA-3821,-0.8716,,31.023440831720002,0,0.942,1,791.0
TCGA-AA-3831,-0.1667,,547.4136175108,0,0.276,0,104.0
TCGA-AA-3833,0.7696,,485.3667357256,0,0.9553,1,578.0
TCGA-AA-3837,-0.7577,,1186.8968011488,0,0.2784,0,118.0
TCGA-AA-3841,0.9069,,1124.8499193636,0,0.2896,0,67.0
TCGA-AA-3842,-0.4052,,1126.851431856,0,0.3246,0,87.0
TCGA-AA-3844,-0.5488,,454.34329498520003,0,0.3264,0,112.0
TCGA-AA-3845,3.2922,,0.0,1,0.9169,1,908.0
TCGA-AA-3846,-0.668,,518.3916889584001,0,0.3293,0,101.0
TCGA-AA-3848,-0.329,,306.23138363680005,1,0.2571,0,133.0
TCGA-AA-3850,0.5546,,0.0,1,0.3018,0,105.0
TCGA-AA-3851,0.0264,,1006.7606929660001,0,0.3204,0,89.0
TCGA-AA-3852,-0.1921,,0.0,1,0.2731,0,144.0
TCGA-AA-3854,-0.8879,,1096.8287472096001,0,0.2733,0,139.0
TCGA-AA-3855,-0.0355,,975.7372522256,0,0.3187,0,147.0
TCGA-AA-3856,0.9137,,30.02268467684,0,0.2645,0,57.0
TCGA-AA-3858,-0.7808,,945.7145675792001,0,0.2586,0,60.0
TCGA-AA-3864,-1.0258,,1613.2189236756,0,0.8915,1,2440.0
TCGA-AA-3866,1.4966,,518.3916889584001,0,0.3267,0,100.0
TCGA-AA-3867,-0.7835,,731.5527500696,0,0.3148,0,91.0
TCGA-AA-3869,0.3036,,822.6215604072,1,0.4048,1,
TCGA-AA-3870,1.1526,,912.6896143464,0,0.3807,0,
TCGA-AA-3872,-0.2973,,0.0,0,0.3976,0,
TCGA-AA-3875,-0.3911,,549.4151296988,0,0.2689,0,118.0
TCGA-AA-3877,0.2302,,943.7130550868,0,0.8655,1,1083.0
TCGA-AA-3930,-0.869,,61.04612550856,1,0.3672,0,
TCGA-AA-3939,-0.7483,,395.29868178640004,0,0.36,0,
TCGA-AA-3941,-0.3406,,730.5519939756,0,0.3682,0,
TCGA-AA-3947,-1.0512,,1004.7591807780001,0,1.2515,1,2292.0
TCGA-AA-3949,3.5269,,791.5981193624,0,0.751,1,1164.0
TCGA-AA-3950,0.9066,,730.5519939756,0,0.75,1,127.0
TCGA-AA-3952,-1.3111,,61.04612550856,1,0.3274,0,98.0
TCGA-AA-3955,-1.3437,,638.482427544,0,0.3279,0,131.0
TCGA-AA-3956,-0.731,,1035.7826215184,0,0.3246,0,135.0
TCGA-AA-3966,2.8869,,61.04612550856,0,1.296,1,1093.0
TCGA-AA-3968,0.1869,,669.5058685888,0,0.331,0,134.0
TCGA-AA-3971,0.2976,,489.369760406,0,0.3362,0,79.0
TCGA-AA-3973,-1.1154,,397.3001939744,0,0.3291,0,83.0
TCGA-AA-3975,-0.5118,,1036.7833776124,0,0.3404,0,145.0
TCGA-AA-3976,-1.0278,,791.5981193624,0,0.3308,0,84.0
TCGA-AA-3977,-0.043,,761.5754347160001,0,0.3545,0,3444.0
TCGA-AA-3979,-1.3369,,730.5519939756,0,0.3186,0,129.0
TCGA-AA-3980,0.8707,,822.6215604072,0,0.3103,0,96.0
TCGA-AA-3982,1.0109,,822.6215604072,0,0.3356,0,127.0
TCGA-AA-3984,0.2261,,0.0,0,0.3334,0,5113.0
TCGA-AA-3986,1.64,,580.4385704392,0,0.3248,0,85.0
TCGA-AA-3989,0.6644,,242.18298978536,1,0.3311,0,117.0
TCGA-AA-3994,-0.8206,,822.6215604072,0,0.2838,0,178.0
TCGA-AA-A004,-0.0276,,424.3206103388,0,0.2846,0,68.0
TCGA-AA-A00A,0.2582,,1157.8748725964,0,,,
TCGA-AA-A00D,2.0018,,578.4370582511999,0,,,
TCGA-AA-A00E,0.0724,,913.6903704404,0,,,
TCGA-AA-A00F,-0.7052,,1035.7826215184,0,,,
TCGA-AA-A00J,-0.8891,,549.4151296988,0,,,
TCGA-AA-A00K,-0.5495,,549.4151296988,0,,,
TCGA-AA-A00L,-1.4048,,1157.8748725964,0,,,
TCGA-AA-A00N,-0.3054,,122.09225104756001,1,0.3279,0,4875.0
TCGA-AA-A00O,-0.7971,,822.6215604072,0,0.2697,0,
TCGA-AA-A00Q,-0.4764,,1278.9663675804,0,,,
TCGA-AA-A00R,5.0493,,30.02268467684,0,,,
TCGA-AA-A00U,-1.0392,,518.3916889584001,0,,,
TCGA-AA-A00W,-1.2279,,456.3448071732,0,,,
TCGA-AA-A00Z,-0.963,,669.5058685888,0,0.3206,0,14.0
TCGA-AA-A010,-0.9129,,1064.8045500708,0,0.3765,0,7492.0
TCGA-AA-A017,-0.994,,457.3455632672,0,0.28,0,54.0
TCGA-AA-A01C,-0.8915,,457.3455632672,0,0.2539,0,86.0
TCGA-AA-A01D,-0.506,,334.2525560952,1,0.2695,0,
TCGA-AA-A01F,-0.7258,,974.7364961316001,0,,,
TCGA-AA-A01G,-1.2571,,365.27599714,0,,,
TCGA-AA-A01I,-0.9154,,943.7130550868,0,0.2695,0,103.0
TCGA-AA-A01K,-0.0596,,943.7130550868,0,0.2795,0,
TCGA-AA-A01P,4.5073,,1158.8756286904002,1,0.6789,1,846.0
TCGA-AA-A01Q,0.5547,,31.023440831720002,0,,,
TCGA-AA-A01R,4.8352,,1065.8053061648,0,0.7418,1,1621.0
TCGA-AA-A01S,-1.5635,,31.023440831720002,0,0.325,0,51.0
TCGA-AA-A01T,-0.8113,,1005.759936872,0,0.3369,0,91.0
TCGA-AA-A01V,0.6995,,31.023440831720002,0,0.3163,0,108.0
TCGA-AA-A01X,-0.99,,791.5981193624,0,0.3184,0,65.0
TCGA-AA-A01Z,-1.6767,,1126.851431856,0,0.3259,0,95.0
TCGA-AA-A022,5.2522,,0.0,0,1.1662,1,1471.0
TCGA-AA-A024,-0.5722,,1188.8983133368001,1,0.2567,0,79.0
TCGA-AA-A029,-1.0572,,1582.1954829352,0,0.2837,0,
TCGA-AA-A02E,-0.3248,,90.06805406096001,1,0.2544,0,148.0
TCGA-AA-A02F,-1.5748,,1216.9194857952,0,0.2783,0,51.0
TCGA-AA-A02H,-1.028,,61.04612550856,1,0.2874,0,74.0
TCGA-AA-A02J,-1.5733,,153.11569187928,1,0.2836,0,
TCGA-AA-A02O,-0.492,,28.021172367080002,0,0.3293,0,160.0
TCGA-AA-A02R,3.2816,,670.5066246828001,1,1.2923,1,1089.0
TCGA-AA-A02W,-1.0057,,1247.9429265356,0,0.2652,0,92.0
TCGA-AA-A02Y,0.171,,1216.9194857952,0,0.3389,0,110.0
TCGA-AA-A03F,-0.2333,,549.4151296988,1,0.3075,0,125.0
TCGA-AA-A03J,0.8901,,1246.9421704416,0,0.3238,0,81.0
TCGA-AD-5900,1.0284,,370.2797779144,0,0.9101,1,1474.0
TCGA-AD-6548,0.7379,,650.4915015852,0,0.4334,1,119.0
TCGA-AD-6888,-1.3351,,472.35690559040006,1,0.3466,0,104.0
TCGA-AD-6889,-0.8171,,2533.9145873828,1,1.3414,1,1704.0
TCGA-AD-6890,-0.372,,746.5640923928,0,0.3483,0,100.0
TCGA-AD-6895,1.6411,,763.5769472084,0,0.8416,1,1538.0
TCGA-AD-6899,1.3713,,176.13308347196002,1,0.355,0,136.0
TCGA-AD-6901,0.0618,,682.5156984196001,1,0.3533,0,223.0
TCGA-AD-6963,0.3824,,834.6306341439999,0,0.3442,0,75.0
TCGA-AD-6964,4.6341,,331.25028781320003,1,0.7365,1,1410.0
TCGA-AD-6965,-0.8741,,805.6087055916,0,0.3643,0,109.0
TCGA-AD-A5EJ,-0.6554,,0.0,0,1.0934,1,1445.0
TCGA-AD-A5EK,-1.1274,,500.37807804880003,0,0.2808,0,73.0
TCGA-AF-2687,0.8388,,1428.0790347184,0,0.3529,0,98.0
TCGA-AF-2690,3.9065,,524.3962258268,1,0.3412,0,72.0
TCGA-AF-2691,0.9425,,1309.9898083208,0,0.3267,0,34.0
TCGA-AF-2692,-0.9981,,412.3115362976,0,0.3259,0,12.0
TCGA-AF-2693,-0.1032,,1155.8733604084,0,0.339,0,83.0
TCGA-AF-3400,1.4233,,1049.7932077476,0,0.3156,0,20.0
TCGA-AF-3911,-0.6683,,1148.8680671416,0,0.3559,0,82.0
TCGA-AF-4110,1.1647,,912.6896143464,0,0.3522,0,86.0
TCGA-AF-5654,-1.0369,,512.3871517856,1,0.3231,0,121.0
TCGA-AF-6136,-1.1516,,741.5603116184001,0,0.3329,0,110.0
TCGA-AF-6655,-0.7073,,609.4604989916,0,0.3465,0,64.0
TCGA-AF-6672,-0.9141,,748.5656048852001,0,0.3345,0,76.0
TCGA-AF-A56K,0.2673,,2636.9924714572003,0,0.3197,0,88.0
TCGA-AF-A56L,-0.7739,,2008.5176051576002,0,0.3287,0,116.0
TCGA-AF-A56N,-0.698,,360.2722160612,0,0.3275,0,131.0
TCGA-AG-3574,0.0604,,1096.8287472096001,1,0.3356,0,11.0
TCGA-AG-3575,0.4462,,365.27599714,0,0.3841,0,17.0
TCGA-AG-3578,-0.7848,,974.7364961316001,0,,,
TCGA-AG-3580,-0.1156,,244.18450209512002,0,0.3094,0,15.0
TCGA-AG-3581,-0.4279,,215.16257357316002,0,0.3144,0,15.0
TCGA-AG-3582,-0.7041,,1096.8287472096001,1,,,
TCGA-AG-3583,-0.7844,,610.4612550856,1,0.3724,0,21.0
TCGA-AG-3584,0.2842,,730.5519939756,1,0.3271,0,20.0
TCGA-AG-3586,-0.3242,,31.023440831720002,0,,,
TCGA-AG-3587,-0.2642,,1401.0586186584,0,,,
TCGA-AG-3591,-1.0246,,1035.7826215184,0,0.3455,0,72.0
TCGA-AG-3592,-0.1916,,1035.7826215184,0,0.3478,0,249.0
TCGA-AG-3593,0.1081,,1035.7826215184,0,,,
TCGA-AG-3594,2.412,,61.04612550856,1,0.3367,0,12.0
TCGA-AG-3598,-0.2469,,1523.1508697364,0,0.3443,0,22.0
TCGA-AG-3599,0.0864,,366.276753234,0,0.3477,0,22.0
TCGA-AG-3600,-0.0914,,184.139132711,0,,,
TCGA-AG-3601,-1.309,,0.0,0,,,
TCGA-AG-3602,-0.9689,,0.0,0,0.341,0,15.0
TCGA-AG-3605,-1.0035,,30.02268467684,0,0.33,0,9.0
TCGA-AG-3608,-0.152,,485.3667357256,0,,,
TCGA-AG-3609,0.5159,,608.4597428976,0,,,
TCGA-AG-3725,-0.0888,,638.482427544,0,0.3507,0,90.0
TCGA-AG-3726,-0.5945,,243.18374594024002,0,0.293,0,143.0
TCGA-AG-3727,-0.5204,,30.02268467684,0,0.2939,0,84.0
TCGA-AG-3728,3.0658,,912.6896143464,0,0.3413,0,
TCGA-AG-3731,1.5617,,1126.851431856,0,0.3516,0,134.0
TCGA-AG-3732,0.942,,1003.758424684,0,0.3066,0,78.0
TCGA-AG-3742,-1.2089,,30.02268467684,0,0.3199,0,138.0
TCGA-AG-3878,2.4223,,30.02268467684,0,0.2791,0,97.0
TCGA-AG-3881,0.7903,,579.4378143452001,0,0.2842,0,110.0
TCGA-AG-3882,4.5915,,608.4597428976,0,0.2963,0,76.0
TCGA-AG-3883,1.1737,,31.023440831720002,0,0.2889,0,114.0
TCGA-AG-3885,0.1449,,546.4128611124,0,0.3285,0,89.0
TCGA-AG-3887,-0.2055,,1124.8499193636,0,0.2587,0,66.0
TCGA-AG-3890,0.5894,,518.3916889584001,0,0.2774,0,96.0
TCGA-AG-3892,1.2508,,396.29943788040003,0,0.5876,1,2489.0
TCGA-AG-3893,-0.5941,,1065.8053061648,0,0.2849,0,116.0
TCGA-AG-3894,-0.7512,,426.3221225268,0,0.2675,0,89.0
TCGA-AG-3896,-0.686,,31.023440831720002,0,0.2715,0,110.0
TCGA-AG-3898,-0.7572,,1462.1047440452,0,0.2685,0,100.0
TCGA-AG-3901,0.8407,,761.5754347160001,0,0.2547,0,57.0
TCGA-AG-3902,2.649,,974.7364961316001,0,0.2705,0,119.0
TCGA-AG-3909,-0.6719,,608.4597428976,0,0.2612,0,71.0
TCGA-AG-3999,-1.2204,,853.6450011476,0,0.3504,0,
TCGA-AG-4001,-0.0523,,1096.8287472096001,0,0.2809,0,102.0
TCGA-AG-4005,-0.8481,,427.3228786208,0,0.3323,0,
TCGA-AG-4007,0.5259,,31.023440831720002,0,0.3394,0,
TCGA-AG-4008,-0.7336,,518.3916889584001,0,0.2652,0,85.0
TCGA-AG-4015,-0.5286,,0.0,0,0.2981,0,88.0
TCGA-AG-4021,-0.9117,,121.09149489268,1,0.346,0,134.0
TCGA-AG-4022,0.9789,,1401.0586186584,0,0.3436,0,84.0
TCGA-AG-A002,-1.5397,,638.482427544,0,0.3178,0,11414.0
TCGA-AG-A008,-1.2269,,424.3206103388,0,0.6176,1,66.0
TCGA-AG-A00C,-1.1774,,183.13837655612,0,0.5582,1,127.0
TCGA-AG-A00Y,-0.6647,,700.5293093292,0,0.2637,0,326.0
TCGA-AG-A011,-0.9371,,1126.851431856,0,0.2669,0,101.0
TCGA-AG-A015,-1.3678,,1096.8287472096001,0,0.5815,1,92.0
TCGA-AG-A016,-1.1994,,276.20869908172,0,0.282,0,74.0
TCGA-AG-A01J,-0.5639,,31.023440831720002,0,0.2531,0,89.0
TCGA-AG-A01L,-1.1251,,0.0,0,0.2594,0,61.0
TCGA-AG-A01N,-1.1589,,943.7130550868,0,0.2832,0,101.0
TCGA-AG-A01W,-0.6047,,0.0,0,0.2895,0,128.0
TCGA-AG-A01Y,0.326,,0.0,0,0.3053,0,78.0
TCGA-AG-A020,-1.2884,,31.023440831720002,0,0.3111,0,82.0
TCGA-AG-A025,-0.9226,,1521.149357244,0,0.2593,0,
TCGA-AG-A026,-1.1135,,59.04461319880001,1,0.3214,0,202.0
TCGA-AG-A02G,-0.6379,,1185.8960450548002,1,0.2752,0,
TCGA-AG-A02N,-0.3278,,1886.425354384,0,1.2673,1,1079.0
TCGA-AG-A02X,-1.32,,1247.9429265356,0,0.2853,0,126.0
TCGA-AG-A032,-0.739,,1157.8748725964,0,0.2539,0,77.0
TCGA-AH-6544,-1.6696,,1173.8869710136,0,0.3308,0,132.0
TCGA-AH-6547,2.0132,,76.0574678622,1,0.3524,0,12.0
TCGA-AH-6643,-1.0054,,1314.9935890952,1,0.3494,0,99.0
TCGA-AH-6644,-0.0911,,838.6336588244001,0,0.3448,0,103.0
TCGA-AH-6897,-1.1985,,804.6079494976001,0,0.344,0,97.0
TCGA-AH-6903,-1.2828,,592.4476444804001,0,0.3374,0,68.0
TCGA-AM-5820,-1.4742,,14.01058619876,0,0.3465,0,72.0
TCGA-AM-5821,5.3975,,28.021172367080002,0,0.8795,1,1204.0
TCGA-AU-3779,0.713,,441.33346485,0,0.3365,0,94.0
TCGA-AU-6004,1.3952,,824.6230725952,0,0.8424,1,965.0
TCGA-AY-4070,0.5099,,496.3750533684001,1,0.2687,0,150.0
TCGA-AY-4071,1.7161,,29.02192852196,1,0.2716,0,115.0
TCGA-AY-5543,-0.4461,,1004.7591807780001,0,0.3374,0,97.0
TCGA-AY-6196,5.9976,,6.00453692928,0,0.3602,0,213.0
TCGA-AY-6197,0.0067,,652.4930137732,0,0.965,1,1058.0
TCGA-AY-6386,-0.5193,,542.4098367364,0,0.327,0,99.0
TCGA-AY-A54L,-1.1687,,525.3969819208,0,0.2932,0,139.0
TCGA-AY-A69D,-0.9798,,543.4105928304,0,0.3161,0,186.0
TCGA-AY-A71X,-1.2494,,588.4446198,0,0.3062,0,90.0
TCGA-AY-A8YK,-0.904,,573.4332774768001,0,0.3268,0,61.0
TCGA-AZ-4308,-0.537,,3326.513463448,0,0.363,0,73.0
TCGA-AZ-4313,-1.27,,2311.7467205124,0,0.7225,1,
TCGA-AZ-4315,-0.8014,,1777.3429331368,0,0.3429,0,6313.0
TCGA-AZ-4323,6.007,,43.03251472072,1,0.426,1,51.0
TCGA-AZ-4614,-0.7056,,172.13005885244002,1,0.3773,0,178.0
TCGA-AZ-4615,3.4614,,1002.7576682856,0,1.0327,1,837.0
TCGA-AZ-4616,1.7636,,156.11796034392,1,0.3171,0,91.0
TCGA-AZ-4681,-1.5166,,3249.455239644,0,0.3537,0,79.0
TCGA-AZ-4682,-1.2134,,680.5141862316001,1,0.367,0,71.0
TCGA-AZ-4684,0.1189,,1978.4949205112002,0,0.3572,0,0.0
TCGA-AZ-5403,-0.8257,,1911.444258256,1,0.3101,0,76.0
TCGA-AZ-5407,0.045,,2685.0287667088,0,0.3611,0,89.0
TCGA-AZ-6598,-0.495,,1504.1365027328002,1,1.3777,1,2309.0
TCGA-AZ-6599,-1.3838,,206.1557681488,1,0.3766,0,226.0
TCGA-AZ-6600,0.0186,,368.278265422,1,0.3613,0,124.0
TCGA-AZ-6603,-0.0864,,899.6797842112001,1,0.3686,0,77.0
TCGA-AZ-6605,1.483,,159.12022880856003,1,0.3467,0,105.0
TCGA-AZ-6606,-1.0916,,357.26994777920004,1,0.3623,0,129.0
TCGA-AZ-6607,1.4126,,97.07334714512,1,0.354,0,68.0
TCGA-CA-5254,-0.7239,,386.2918763316,0,0.3896,0,181.0
TCGA-CA-5255,-1.0244,,376.2843147828,0,0.3805,0,52.0
TCGA-CA-5256,-0.1883,,379.2865830648,0,0.3522,0,72.0
TCGA-CA-5796,-0.4773,,377.28507087680003,0,0.3604,0,60.0
TCGA-CA-5797,-0.2033,,383.2896077452,0,0.3554,0,59.0
TCGA-CA-6715,-1.5456,,383.2896077452,0,0.3669,0,96.0
TCGA-CA-6716,-1.3631,,371.2805340084,0,0.3773,0,135.0
TCGA-CA-6717,1.9014,,388.29338851960006,0,0.3653,0,9586.0
TCGA-CA-6718,3.488,,306.23138363680005,1,0.3722,0,3205.0
TCGA-CA-6719,0.0987,,435.32892798160003,0,0.3645,0,115.0
TCGA-CI-6619,0.3214,,184.139132711,0,0.3407,0,71.0
TCGA-CI-6620,-0.9673,,1009.7629615524,0,0.3445,0,54.0
TCGA-CI-6621,0.7789,,419.31682956440005,0,0.3389,0,109.0
TCGA-CI-6622,-1.2406,,1363.0298846512,0,0.3223,0,93.0
TCGA-CI-6623,-0.8461,,1444.0911331356,0,0.3617,0,70.0
TCGA-CI-6624,0.9108,,1467.1085248196,0,0.3402,0,252.0
TCGA-CK-4947,0.9397,,534.4037873756,0,0.3269,0,88.0
TCGA-CK-4948,-0.3448,,4505.404215236,0,0.3486,0,98.0
TCGA-CK-4950,0.8013,,2600.9652496380004,0,0.3697,0,154.0
TCGA-CK-4951,1.7568,,2135.6136370100003,1,0.7849,1,4191.0
TCGA-CK-4952,-1.2879,,475.3591741768,0,0.3926,0,140.0
TCGA-CK-5912,-1.2482,,1494.128941184,1,0.3783,0,62.0
TCGA-CK-5913,0.3553,,1562.1803595331999,0,0.9213,1,806.0
TCGA-CK-5914,-0.5359,,669.5058685888,0,0.3446,0,130.0
TCGA-CK-5915,-1.4837,,0.0,0,0.3162,0,82.0
TCGA-CK-5916,2.2352,,643.4862083184,1,0.9208,1,1405.0
TCGA-CK-6746,2.013,,0.0,0,1.1685,1,1198.0
TCGA-CK-6747,-0.4497,,2524.907781928,0,0.3727,0,171.0
TCGA-CK-6748,-0.2225,,61.04612550856,0,0.3564,0,57.0
TCGA-CK-6751,-0.5245,,3782.858269708,0,0.3583,0,167.0
TCGA-CL-4957,-1.0678,,425.32136643280006,0,0.3362,0,78.0
TCGA-CL-5917,-1.1143,,2377.796626978,0,0.359,0,70.0
TCGA-CL-5918,-1.2324,,218.1648420378,0,0.3446,0,117.0
TCGA-CM-4743,0.0808,,701.5300654232001,0,0.8182,1,1103.0
TCGA-CM-4744,1.3934,,609.4604989916,0,0.3613,0,142.0
TCGA-CM-4746,-0.652,,1126.851431856,0,0.8512,1,715.0
TCGA-CM-4747,-1.0623,,761.5754347160001,0,0.3787,0,83.0
TCGA-CM-4748,-0.8102,,792.5988757608001,0,0.365,0,66.0
TCGA-CM-4750,-0.6083,,244.18450209512002,0,0.3583,0,83.0
TCGA-CM-4751,1.7462,,822.6215604072,0,0.3606,0,90.0
TCGA-CM-4752,0.1907,,396.29943788040003,0,0.3498,0,121.0
TCGA-CM-5341,0.4634,,884.6684418880001,0,0.3524,0,145.0
TCGA-CM-5344,-1.0962,,670.5066246828001,0,0.3396,0,59.0
TCGA-CM-5348,1.1869,,699.5285532352,0,0.3321,0,168.0
TCGA-CM-5349,-0.8409,,915.6918829328,0,0.3249,0,96.0
TCGA-CM-5860,0.298,,974.7364961316001,0,0.3393,0,103.0
TCGA-CM-5861,-0.7462,,457.3455632672,0,0.9692,1,1362.0
TCGA-CM-5862,-0.9534,,153.11569187928,1,0.3545,0,85.0
TCGA-CM-5863,-0.2817,,457.3455632672,0,0.3973,0,60.0
TCGA-CM-5864,-0.5443,,457.3455632672,0,0.3329,0,172.0
TCGA-CM-5868,-1.37,,518.3916889584001,0,0.3403,0,81.0
TCGA-CM-6161,0.3908,,457.3455632672,0,0.3145,0,78.0
TCGA-CM-6162,2.6244,,365.27599714,0,0.8773,1,1001.0
TCGA-CM-6163,0.4477,,427.3228786208,0,0.3345,0,93.0
TCGA-CM-6164,-0.561,,883.6676857940001,0,0.3277,0,66.0
TCGA-CM-6165,0.0581,,488.369004312,0,0.3145,0,102.0
TCGA-CM-6166,-1.3255,,669.5058685888,0,0.3171,0,81.0
TCGA-CM-6167,0.3139,,456.3448071732,0,0.3157,0,79.0
TCGA-CM-6168,0.9719,,395.29868178640004,0,0.4083,1,204.0
TCGA-CM-6169,2.8587,,396.29943788040003,0,0.3404,0,102.0
TCGA-CM-6170,-0.4211,,457.3455632672,0,0.3219,0,84.0
TCGA-CM-6171,-0.334,,427.3228786208,0,1.1813,1,1149.0
TCGA-CM-6172,-1.1447,,335.2533121892,0,0.3388,0,82.0
TCGA-CM-6674,-0.2939,,394.29792538800007,0,0.7398,1,837.0
TCGA-CM-6675,-0.4644,,397.3001939744,0,0.357,0,79.0
TCGA-CM-6676,-1.0597,,337.25482468160004,0,0.353,0,97.0
TCGA-CM-6677,0.0184,,337.25482468160004,0,0.3529,0,136.0
TCGA-CM-6678,-1.1418,,335.2533121892,0,0.349,0,119.0
TCGA-CM-6679,-0.3559,,306.23138363680005,0,0.3381,0,71.0
TCGA-CM-6680,0.3811,,366.276753234,0,0.4575,1,81.0
TCGA-D5-5537,-0.9616,,1382.0442516548,1,0.3494,0,94.0
TCGA-D5-5538,1.0005,,1662.2559753256,1,0.3546,0,102.0
TCGA-D5-5539,-0.7727,,596.4506691608,0,0.3573,0,91.0
TCGA-D5-5540,-1.094,,1707.2900022952,0,0.3281,0,110.0
TCGA-D5-5541,0.2952,,1702.2862215208,0,0.328,0,59.0
TCGA-D5-6529,2.0052,,614.464279766,0,0.3658,0,97.0
TCGA-D5-6530,1.1543,,621.4695730328001,0,1.0856,1,1046.0
TCGA-D5-6531,1.0631,,540.408324244,0,0.347,0,169.0
TCGA-D5-6532,-1.5677,,555.4196665672,0,0.3466,0,93.0
TCGA-D5-6533,-0.7324,,775.5860209452001,0,0.3337,0,143.0
TCGA-D5-6534,5.4242,,1316.9951015876002,0,0.3343,0,152.0
TCGA-D5-6535,0.5289,,460.34783185360004,0,0.343,0,157.0
TCGA-D5-6536,-1.181,,543.4105928304,0,0.3522,0,108.0
TCGA-D5-6537,-1.0005,,146.11039879512,1,0.3503,0,101.0
TCGA-D5-6538,-1.3301,,521.3939572404,0,0.3432,0,116.0
TCGA-D5-6539,-0.4156,,380.2873394632,0,0.3265,0,96.0
TCGA-D5-6540,-0.0569,,491.371272594,0,0.9984,1,1189.0
TCGA-D5-6541,0.9466,,474.35841808280003,0,0.3319,0,84.0
TCGA-D5-6898,0.1738,,229.17315974148,0,0.3407,0,70.0
TCGA-D5-6920,0.4981,,377.28507087680003,0,0.3434,0,107.0
TCGA-D5-6922,-0.1209,,308.2328961292,0,0.3579,0,94.0
TCGA-D5-6923,-0.8897,,378.28582697080003,0,0.3476,0,0.0
TCGA-D5-6924,0.5063,,435.32892798160003,0,0.3409,0,144.0
TCGA-D5-6926,-0.3347,,275.20794292684,0,0.3496,0,99.0
TCGA-D5-6927,1.7437,,287.21701681584,0,0.7283,1,661.0
TCGA-D5-6928,14.7236,,354.2676791928,0,0.6559,1,1605.0
TCGA-D5-6929,-0.3208,,408.30851161720005,0,0.3524,0,105.0
TCGA-D5-6930,1.2142,,406.3069994292,0,0.6864,1,1216.0
TCGA-D5-6931,0.5839,,365.27599714,0,0.3574,0,281.0
TCGA-D5-6932,-0.5187,,346.2616301364,0,0.3444,0,121.0
TCGA-D5-7000,0.0449,,312.2359208096,0,0.3496,0,103.0
TCGA-DC-4745,-0.9959,,639.483183638,0,0.3391,0,66.0
TCGA-DC-4749,-0.9875,,762.5761908100001,0,0.3406,0,67.0
TCGA-DC-5337,0.6729,,792.5988757608001,0,0.3191,0,93.0
TCGA-DC-5869,-0.7284,,943.7130550868,0,0.3785,0,74.0
TCGA-DC-6154,-1.1734,,365.27599714,0,0.331,0,94.0
TCGA-DC-6155,-1.0763,,425.32136643280006,0,0.3493,0,52.0
TCGA-DC-6156,2.6484,,943.7130550868,0,,,0.0
TCGA-DC-6157,-0.7618,,1582.1954829352,0,0.331,0,85.0
TCGA-DC-6158,1.4459,,334.2525560952,1,0.339,0,84.0
TCGA-DC-6160,-0.2679,,1340.0124929672002,0,0.321,0,80.0
TCGA-DC-6681,-0.6384,,790.5973632684,0,0.3433,0,67.0
TCGA-DC-6682,-0.8929,,762.5761908100001,0,0.3334,0,118.0
TCGA-DC-6683,-0.7217,,762.5761908100001,0,0.3459,0,71.0
TCGA-DM-A0X9,0.1459,,3643.753165032,0,0.3503,0,170.0
TCGA-DM-A0XD,-1.373,,743.5618241108001,1,0.3301,0,154.0
TCGA-DM-A0XF,-0.8155,,1162.8786533708,1,0.3334,0,112.0
TCGA-DM-A1D0,-1.7381,,3977.00496412,0,0.3358,0,98.0
TCGA-DM-A1D4,-1.0428,,2823.1331165084,1,0.3544,0,164.0
TCGA-DM-A1D6,-1.4997,,1519.147845056,1,0.3534,0,95.0
TCGA-DM-A1D7,-0.8971,,405.3062433352,1,0.3316,0,126.0
TCGA-DM-A1D8,-1.1199,,383.2896077452,1,0.3468,0,144.0
TCGA-DM-A1D9,-1.4997,,4273.228786208,0,0.335,0,121.0
TCGA-DM-A1DA,-1.1173,,228.1724035866,1,0.3952,0,251.0
TCGA-DM-A1DB,-0.5584,,1349.019298422,1,0.3441,0,65.0
TCGA-DM-A1HA,-0.7832,,4003.0246256080004,0,0.3507,0,133.0
TCGA-DM-A1HB,-1.1292,,4129.11989954,0,1.0166,1,1117.0
TCGA-DM-A280,-1.1049,,236.17845282564002,1,0.3888,0,120.0
TCGA-DM-A282,-1.5445,,4236.2008092080005,0,0.3739,0,95.0
TCGA-DM-A285,-1.5381,,179.13535193660002,1,0.3761,0,170.0
TCGA-DM-A288,-1.4576,,427.3228786208,1,0.3948,0,74.0
TCGA-DM-A28A,-1.1506,,805.6087055916,1,0.3995,0,129.0
TCGA-DM-A28C,-1.7568,,2476.871486372,1,0.3712,0,99.0
TCGA-DM-A28E,-1.4951,,3650.758456168,0,0.379,0,87.0
TCGA-DM-A28F,-1.0604,,1094.8272347171999,1,0.3791,0,229.0
TCGA-DM-A28G,-1.0193,,1850.3981325648,1,0.3656,0,108.0
TCGA-DM-A28H,-1.4603,,3563.6926714240003,0,0.3898,0,123.0
TCGA-DM-A28K,-1.4798,,2990.259394556,0,0.397,0,101.0
TCGA-DM-A28M,-1.5804,,2897.1890720304004,0,0.3983,0,99.0
TCGA-DT-5265,-0.7355,,384.29036383920004,0,0.3389,0,81.0
TCGA-DY-A0XA,-1.2544,,3848.908178,0,0.3458,0,128.0
TCGA-DY-A1DC,-0.6076,,1258.9512444828001,1,0.3327,0,138.0
TCGA-DY-A1DD,-1.1886,,1742.316467716,1,0.3611,0,116.0
TCGA-DY-A1DE,-0.3193,,3934.9732051280002,0,,,0.0
TCGA-DY-A1DF,-1.5877,,734.5550186560001,1,0.3545,0,123.0
TCGA-DY-A1DG,-1.2589,,1567.1841406120002,1,0.363,0,151.0
TCGA-DY-A1H8,-1.1416,,992.7501067368001,1,0.3551,0,86.0
TCGA-EF-5830,-0.6253,,106.08015253904,0,0.3447,0,65.0
TCGA-EF-5831,-0.8965,,127.09603182196001,0,,,0.0
TCGA-EI-6506,0.1769,,625.4725977132,0,0.3332,0,123.0
TCGA-EI-6507,1.6715,,607.4589868036,0,0.6711,1,923.0
TCGA-EI-6508,-1.0058,,636.480915356,0,0.3488,0,101.0
TCGA-EI-6509,-1.1224,,517.3909328643999,0,0.3555,0,52.0
TCGA-EI-6510,-0.7843,,556.4204226612,0,0.3574,0,101.0
TCGA-EI-6511,2.7393,,482.36446713920003,0,0.3537,0,78.0
TCGA-EI-6512,-0.1015,,538.406812056,0,0.3602,0,114.0
TCGA-EI-6513,-0.6011,,497.3758094624,0,0.3553,0,139.0
TCGA-EI-6514,-0.9057,,496.3750533684001,0,0.3382,0,105.0
TCGA-EI-6881,-0.721,,499.3773219548001,0,0.3444,0,102.0
TCGA-EI-6882,-0.6995,,262.1981129134,0,0.9044,1,1214.0
TCGA-EI-6883,0.0933,,350.26465451240006,0,0.3433,0,90.0
TCGA-EI-6884,-0.1685,,328.2480192268,0,0.3424,0,105.0
TCGA-EI-6885,0.5185,,415.31380488400004,0,0.3401,0,95.0
TCGA-EI-6917,2.472,,531.4015187892,0,0.3457,0,4937.0
TCGA-EI-7002,-0.5964,,364.27524074160004,0,0.3622,0,156.0
TCGA-EI-7004,-0.0494,,257.19433210856005,0,0.345,0,85.0
TCGA-F4-6459,-0.3079,,262.1981129134,1,0.3642,0,126.0
TCGA-F4-6460,-0.0622,,972.7349836392001,1,0.3437,0,127.0
TCGA-F4-6461,-0.6794,,338.25558077560004,1,0.3699,0,138.0
TCGA-F4-6463,-0.0939,,1087.8219417548,0,0.3302,0,69.0
TCGA-F4-6569,0.877,,1087.8219417548,0,0.3647,0,117.0
TCGA-F4-6570,3.4006,,188.14215736096003,1,0.9787,1,1640.0
TCGA-F4-6703,6.2805,,1457.1009632708,0,0.4396,1,530.0
TCGA-F4-6704,0.4378,,47.03553934024001,0,0.3596,0,78.0
TCGA-F4-6805,0.245,,1047.7916955596,0,0.3882,0,68.0
TCGA-F4-6806,-0.6949,,1260.9527566708002,0,0.3957,0,103.0
TCGA-F4-6807,2.1131,,1309.9898083208,0,0.3514,0,155.0
TCGA-F4-6808,-0.7853,,1024.7743038756,0,0.3566,0,121.0
TCGA-F4-6809,0.373,,403.3047308428,1,0.3476,0,148.0
TCGA-F4-6854,0.0652,,16.01209850852,0,0.3387,0,110.0
TCGA-F4-6855,-0.6904,,1443.0903770416,0,0.3419,0,99.0
TCGA-F4-6856,-0.3305,,1074.8121116196,0,0.8729,1,963.0
TCGA-F5-6464,2.0352,,303.22911529392,1,0.3424,0,86.0
TCGA-F5-6465,1.2564,,1507.1387710148,0,0.3415,0,98.0
TCGA-F5-6571,1.7066,,1288.9739291292,0,0.3388,0,83.0
TCGA-F5-6702,0.1203,,452.3417824928,0,0.328,0,63.0
TCGA-F5-6810,-0.7548,,,,0.3292,0,112.0
TCGA-F5-6811,0.1516,,979.7402769060001,0,0.3549,0,84.0
TCGA-F5-6812,0.5366,,1110.8393331344,0,0.3556,0,88.0
TCGA-F5-6813,0.0274,,598.4521813488,1,0.3558,0,123.0
TCGA-F5-6814,3.2383,,1131.8552126304,0,0.3409,0,9459.0
TCGA-F5-6861,-1.0883,,1160.8771411828,0,0.3338,0,95.0
TCGA-F5-6863,-1.5856,,361.27297245960006,1,0.3566,0,69.0
TCGA-F5-6864,-0.2927,,379.2865830648,0,0.3486,0,136.0
TCGA-G4-6293,1.1672,,4054.0631879240004,0,0.3277,0,105.0
TCGA-G4-6294,-0.6876,,858.648781922,1,0.3774,0,149.0
TCGA-G4-6295,1.3311,,254.19206364392002,0,0.3241,0,135.0
TCGA-G4-6297,-0.027,,2507.8949271123997,0,0.3325,0,85.0
TCGA-G4-6298,-1.7058,,715.5406516524,1,0.3334,0,82.0
TCGA-G4-6299,1.3642,,2269.7149621292,0,0.3963,0,160.0
TCGA-G4-6302,0.0927,,2048.5478516572,1,0.4592,1,939.0
TCGA-G4-6303,-0.5137,,2004.5145807816,1,0.359,0,83.0
TCGA-G4-6304,-0.9486,,1632.2332906792,0,0.5676,1,927.0
TCGA-G4-6306,-0.3771,,1360.0276160648,0,0.3415,0,106.0
TCGA-G4-6307,-1.4674,,1675.2658054608,0,0.316,0,74.0
TCGA-G4-6309,-0.5225,,2601.966005732,0,0.9341,1,811.0
TCGA-G4-6311,-0.6698,,1199.906631284,0,0.3185,0,124.0
TCGA-G4-6315,-1.3094,,1884.4238418916,0,0.3321,0,132.0
TCGA-G4-6317,-1.2392,,1095.8279908112,0,0.3455,0,87.0
TCGA-G4-6320,-0.9707,,804.6079494976001,0,0.5674,1,1014.0
TCGA-G4-6321,1.2637,,672.5081368708,0,0.3258,0,73.0
TCGA-G4-6322,-0.7218,,792.5988757608001,0,0.3214,0,83.0
TCGA-G4-6323,0.0676,,419.31682956440005,0,0.3512,0,91.0
TCGA-G4-6586,1.839,,1089.8234539428001,0,1.0607,1,1108.0
TCGA-G4-6588,-0.4927,,796.6019001368,0,1.0066,1,1964.0
TCGA-G4-6626,-1.2565,,1423.075253944,1,0.349,0,118.0
TCGA-G4-6627,1.1351,,2276.7202550916,0,0.3582,0,98.0
TCGA-G4-6628,4.1482,,2425.832922534,0,0.7863,1,1875.0
TCGA-G5-6641,-1.657,,804.6079494976001,0,0.3305,0,93.0
TCGA-NH-A50T,-1.5038,,553.4181543792,0,0.2912,0,120.0
TCGA-NH-A50U,-1.1252,,334.2525560952,1,0.3425,0,87.0
TCGA-NH-A50V,0.364,,588.4446198,0,0.2879,0,146.0
TCGA-NH-A5IV,0.7261,,588.4446198,0,1.2012,1,2380.0
TCGA-NH-A6GA,-0.5233,,302.22835913904004,1,0.3295,0,84.0
TCGA-NH-A6GB,-0.5685,,476.3599302708,0,0.3185,0,150.0
TCGA-NH-A6GC,-1.1783,,389.2941446136,0,0.3241,0,114.0
TCGA-NH-A8F7,-1.3608,,543.4105928304,0,0.3241,0,118.0
TCGA-NH-A8F8,-0.7696,,511.38639569160006,1,0.3144,0,105.0
TCGA-QG-A5YV,-0.8375,,1301.9837589600002,0,0.2586,0,162.0
TCGA-QG-A5YW,0.1758,,896.6775159292,0,0.2723,0,148.0
TCGA-QG-A5YX,-1.2755,,1003.758424684,0,0.304,0,80.0
TCGA-QG-A5Z1,-1.0832,,256.19357595368,1,0.2924,0,95.0
TCGA-QG-A5Z2,0.9818,,952.7198605416,0,0.86,1,1023.0
TCGA-QL-A97D,0.7111,,666.5036000024,0,0.3204,0,211.0
TCGA-RU-A8FL,-1.706,,1177.889995694,0,0.3417,0,126.0
TCGA-SS-A7HO,-1.6121,,1830.3830094672,0,0.3318,0,145.0
TCGA-T9-A92H,-1.3269,,362.2737285536,0,0.317,0,159.0
TCGA-WS-AB45,1.175,,2131.610612634,0,0.6782,1,2513.0
